user,trips-count,contries_count,cities_count
"kblanqua
",89,29,50
"jani
",6,4,6
"lukecs1042
",7,5,7
"icastanheda
",8,4,6
"samdotvg
",5,5,5
"douglascrets
",4,3,4
"rcrocker13
",18,6,13
"simonlad
",3,2,3
"davidgsylvia
",5,3,4
"peterzen
",5,3,3
"edu
",25,11,18
"sharon
",8,7,7
"zirinisp
",7,5,7
"maxroyale
",8,6,8
"simonasta
",15,9,11
"ady
",27,25,26
"kevinjamesparks
",2,2,2
"spruce
",3,2,3
"luke_harvey
",40,18,32
"piazza_chris
",13,6,6
"andykassier
",154,17,48
"willows_gate
",22,12,16
"davidpeake
",24,12,19
"dmitriyabr
",40,11,23
"aleks_muse
",12,7,9
"tgamrekeli
",6,4,6
"corneljr
",2,2,2
"mayukojpn
",41,19,26
"hi
",13,6,7
"gietema
",2,2,2
"tapsmurove
",2,2,2
"ericvandenbroek
",4,3,3
"carlien
",4,3,4
"skewed_corp
",2,2,2
"chong
",19,8,12
"tolicious
",18,3,8
"john
",168,34,64
"aaleksandar
",47,20,27
"robertkowalski
",9,4,7
"tamtamchik
",50,18,35
"luisplz
",3,2,3
"aileencgn
",151,28,86
"elcandor
",4,3,4
"sadokx
",6,4,5
"vfonic
",23,17,20
"steph_danforth
",159,21,45
"n_richer
",6,6,6
"reikudo
",19,12,16
"ben264
",5,2,5
"daniellauding
",115,37,83
"vladg
",2,2,2
"mv
",200,45,117
"coworkingnomad
",4,4,4
"kumarovski
",3,2,3
"jonnym1ller
",11,4,6
"juhakovanen
",7,5,7
"maxpogorelov
",4,4,4
"derviskilic
",14,5,8
"wolvegames
",21,10,17
"westegggatsby
",17,3,16
"luizaugusto
",42,14,26
"mshakurova
",26,8,14
"rockyrohde
",52,17,36
"jaicab
",28,8,16
"arlton
",26,9,26
"jessehanley
",56,24,38
"jaemoon
",18,14,18
"mvremmerden
",80,24,55
"gabe
",3,3,3
"cameron
",2,2,2
"jumpoffio
",12,7,11
"machycek
",11,6,10
"a
",8,3,8
"grace
",26,15,21
"tonyschmidt
",16,9,15
"tpaktop
",10,6,8
"xpert4allpeople
",4,2,3
"londonday
",4,4,4
"murillo
",8,6,8
"karan
",16,5,14
"pb
",16,6,13
"edusantorini
",14,6,10
"etang20
",4,2,4
"viniciusteles
",6,4,5
"vellu
",8,6,6
"weals
",29,8,17
"the_nomad_polymath
",4,2,4
"gilesadamthomas
",13,6,9
"changdout
",2,2,2
"simone_scarduzio
",30,13,22
"benhourigan
",15,8,12
"meiyi_cheng
",24,7,16
"yildizalidzhikova
",25,15,22
"sarah
",4,3,4
"kzaaaam
",13,5,10
"minkylive
",33,15,20
"zsofiaszarka
",19,13,16
"rbright
",57,8,20
"stnly
",10,7,7
"wilczynski_a
",6,4,6
"simmschanita
",12,8,12
"metamas
",4,4,4
"lokiilow
",3,2,3
"ecosuave
",45,18,37
"joe_cox
",13,5,13
"fagelstrom
",15,12,14
"franceschina
",11,10,10
"drorliebenthal
",17,8,13
"highhermitage
",2,2,2
"jamiesyke
",28,11,11
"aymorgan
",25,11,23
"derico
",17,7,12
"kevmar08
",14,13,14
"derralle
",36,17,26
"gmarc
",5,4,4
"jessicaliske
",13,9,13
"jmegiralt
",2,2,2
"arhhoskins
",17,7,14
"sami_trki
",15,8,15
"zakerving
",30,17,27
"stephlizwalden
",55,26,44
"andrewc
",6,4,5
"x100krocia
",10,4,10
"jakenyao
",8,4,8
"haydenjameslee
",36,11,32
"eliaskovv
",5,3,5
"homsweethom
",17,16,16
"halfcube
",61,17,49
"anamatsusaki
",9,4,7
"mironmg27
",2,2,2
"danialaez
",9,4,8
"noreaster360
",91,36,52
"scottbrills
",858,81,469
"heikoco
",9,8,8
"babsmiles_
",3,2,3
"adambard
",8,7,8
"ssr1368
",7,5,7
"jonbstrong
",10,7,8
"alvinsj
",44,22,29
"jowilki
",3,2,2
"paulaborowska
",73,25,41
"kayelincoln
",2,2,2
"cheribaker
",13,5,13
"jfkerr
",15,5,9
"mattyg
",4,4,4
"wojtek
",46,22,37
"skoczen
",8,8,8
"rubinsalamander
",7,4,7
"bryanjschaaf
",21,20,21
"xiufensilver
",4,3,4
"nateliason
",43,19,31
"caseycaruso
",3,3,3
"gonsanchezs
",49,8,38
"jessgenevievebrown
",10,2,8
"ingoworkstyles
",6,5,5
"anyalake
",5,4,5
"jakeberger
",3,3,3
"sdullink
",22,6,9
"koosje
",3,2,3
"ruthk
",2,2,2
"trevormeier
",146,33,74
"b123400
",78,29,56
"theminimillionaire
",55,15,31
"x3nome
",50,11,22
"charmbtrippin
",61,15,36
"thezennomad
",28,12,18
"nathanjones
",18,15,17
"jro7
",7,5,7
"adventureinmyveins
",4,2,3
"demoonkevin
",2,2,2
"ovivoda
",8,6,8
"bobbyvenice
",25,8,19
"halles
",8,4,7
"judo
",18,8,12
"mfrezz
",93,25,55
"steviezollo_twitter
",7,4,6
"brandoncnolte
",4,3,4
"gdpelican
",4,4,4
"martinqz
",121,23,77
"marcuschristiansen
",4,3,4
"sprad
",104,28,81
"jakegibson
",11,11,11
"fredd4
",4,3,4
"mustarda
",4,4,4
"nidalaa
",3,2,3
"zackllnyoung
",75,17,34
"erikbenjamin
",52,22,39
"arintoker
",9,3,7
"william23
",6,5,5
"martinstenius
",2,2,2
"melissawashin
",9,4,8
"alxsworld
",6,4,5
"job
",15,9,11
"phil1337
",2,2,2
"drewmeyers
",3,3,3
"bitossi
",2,2,2
"jonnotie
",5,3,4
"giovanni
",3,3,3
"naii
",5,2,3
"ovihentea
",10,4,5
"mzseidman
",12,10,11
"niklasmodess
",18,7,17
"alexpineda86
",11,8,11
"grum
",72,6,20
"remidurand
",26,9,13
"liza
",2,2,2
"empireflippers
",42,14,22
"elenalaura
",21,14,17
"vadimrezvy
",17,4,12
"phil
",38,11,30
"francoisx
",55,15,32
"taskett
",30,15,24
"ggeorgiev
",2,2,2
"allenpreneur
",17,6,13
"tuhingates
",5,5,5
"rubentdlh
",18,14,18
"bneiluj
",37,16,23
"con10to
",10,7,9
"estelainspiral
",6,4,6
"vladkorzinin
",4,3,4
"nomadlinguist
",8,4,6
"tim_gardner
",3,3,3
"travpreneur
",53,23,39
"fbrraaa
",6,2,6
"tinodeb
",15,10,12
"rkoldenhoven
",3,3,3
"robncampbell
",2,2,2
"polinakocheva
",7,7,7
"lecfomasque
",8,5,8
"francescocarlucci
",15,15,15
"homakov
",17,10,16
"elliotsachs
",10,4,6
"svanevik
",3,3,3
"vladgsk
",6,5,6
"lnmunhoz
",7,3,6
"ppnlo
",77,17,37
"izzydoesizzy
",3,2,3
"val_tomescu
",4,4,4
"far_and_wide_with_joe
",155,26,58
"deensel
",50,20,41
"raigol
",28,11,16
"jayphen
",74,21,44
"czyzykowski
",44,15,31
"angelwing337
",9,7,9
"tomthomison
",10,4,8
"info132
",9,5,8
"jessykate
",2,2,2
"pixel
",52,20,40
"carly
",26,14,23
"alchorro
",13,9,11
"avoapp
",2,2,2
"pjb
",10,6,8
"pam
",7,5,5
"nomadicpad
",3,2,3
"itsgraz
",4,3,4
"jeffreytrull
",14,6,12
"bratta
",6,5,6
"kaylibarth
",6,6,6
"nathanfulkerson
",5,3,4
"allenlsy
",16,6,16
"kossnocorp
",44,18,34
"aki
",5,3,4
"mathewitrusthk
",31,16,24
"guillelekos
",4,4,4
"alex_marchant
",7,5,6
"briantopping
",3,2,3
"najvasol
",4,3,4
"roconnor661
",42,14,32
"nickdanforth
",141,21,45
"kuany870
",4,4,4
"nickpellant
",124,22,54
"gijsheerkens
",12,6,8
"meedamian
",66,22,26
"skyler
",17,9,14
"carterlized
",16,12,15
"bertholf
",19,10,16
"ltsadvntr
",14,10,13
"clebercosta
",28,9,20
"daliso
",4,3,3
"petersanchez
",32,15,22
"pierregillesleymarie
",29,10,16
"nat
",19,3,9
"creative_nomad_
",4,4,4
"jonsunandco
",6,3,6
"mattgelgota
",58,17,32
"nomadsalsero
",5,3,4
"bzamecnik
",47,18,44
"andregussekloo
",6,2,4
"pimterry
",3,3,3
"yanokwa
",49,22,39
"andreaspizsa
",9,5,7
"ahmayou
",3,2,3
"johnbrett_
",62,24,32
"luannalita
",45,19,36
"saimana
",3,3,3
"etc
",16,11,15
"lucaslsf
",12,5,5
"garethbjenkins
",6,3,4
"alanbezanson
",9,6,7
"timmcgrath
",25,8,24
"mcpete716
",8,7,8
"jogomartin
",2,2,2
"zigor_uriarte
",23,9,10
"mosspaul
",8,6,8
"julesmarie
",27,9,19
"melvynmouflin
",31,14,25
"srg_b
",18,11,16
"horseyt9ns
",13,7,11
"jimmy_colina
",11,7,9
"omarmohameddev
",7,6,7
"thesleepyvegan
",37,11,31
"jrcconstela
",3,3,3
"jezfx
",7,3,3
"manuk
",2,2,2
"frostney_
",3,2,3
"redromina
",16,7,16
"pugson
",22,7,15
"ibonazkoitia
",19,6,12
"rus
",23,15,17
"antoinersx
",25,15,20
"seifsallam
",9,5,9
"islandgeekette
",9,6,7
"chewx
",43,15,32
"thedodus
",9,4,6
"mario
",8,4,4
"furkan
",3,3,3
"xyliaburos
",54,15,43
"jpbobbaers
",12,7,8
"fukutomy
",13,8,11
"anne_jin
",3,3,3
"kellettj
",4,4,4
"mac
",11,6,9
"joreira
",2,2,2
"patrickleescott
",5,3,5
"ericvan
",4,2,3
"davidmurray
",21,14,17
"enginoid
",2,2,2
"nabeelmolham
",5,4,5
"jimmysinner
",10,4,7
"michaelmesserli
",25,7,15
"kristine_s_
",2,2,2
"wandertooth
",5,2,4
"cstapel
",54,31,49
"alain1405
",3,3,3
"smcabrera
",3,2,3
"hillary_br
",6,4,6
"matekovacs
",35,10,20
"claytranslates
",3,3,3
"matt781
",43,7,20
"kaleiwhite
",36,17,25
"silveruby
",17,9,13
"shipra
",56,10,39
"alewis2005
",4,4,4
"iknowjesse
",6,5,5
"zerocraic
",4,4,4
"ryanbed
",2,2,2
"paulohp
",33,11,16
"joyfriberg
",7,3,6
"reganha
",15,6,9
"louise
",18,11,16
"mary_oleksiuk
",33,15,26
"courtney
",2,2,2
"uchepete
",36,10,33
"tedavery
",2,2,2
"keiran
",3,3,3
"meredal
",16,6,14
"loetjvr
",19,6,7
"mathieudutour
",33,18,29
"eulerianial
",9,7,7
"christian
",3,3,3
"rauan
",5,2,4
"deniskabakov
",5,4,4
"seekthecreative
",3,3,3
"pr0fess0r
",2,2,2
"cpruijsen
",6,4,5
"roks0n
",32,11,20
"dashon
",16,6,12
"lopesrosanna
",91,26,53
"madebyg
",7,4,4
"shanedrye
",2,2,2
"mjmcshane1
",8,2,5
"ky
",25,9,19
"donovan6925
",18,6,12
"cmr0n
",3,2,3
"fredperrotta
",14,5,14
"breinkind
",2,2,2
"danielletdesign
",25,12,17
"brmolin
",11,7,9
"lightmotif
",21,11,19
"joseferrer
",13,6,12
"bseelig
",4,3,3
"dajim
",3,3,3
"hodasafiah
",4,3,4
"pauline
",37,9,24
"ph0n33z
",34,9,23
"otsuka1007
",2,2,2
"erinnlspringer
",6,4,5
"ankeshkothari
",3,2,3
"gohomebase
",11,6,11
"startupwithmike
",8,2,3
"mrtkawa
",2,2,2
"stevensanseau
",9,4,8
"subbedubbe
",28,15,24
"shoinwolfe
",46,7,19
"anigupta
",18,9,12
"cjroth
",103,24,56
"fluidsonic
",12,4,8
"vzablocky
",20,12,20
"khanov
",25,6,16
"lionsmaindc
",6,4,6
"alexbegey
",31,9,22
"rodolphe
",5,3,3
"charlesdoole
",18,13,17
"vernaillen
",8,5,7
"nomadcook
",40,13,39
"thewinevagabond
",72,23,45
"katherinerossward
",3,3,3
"jesperbylund
",18,7,10
"ssstofff
",23,9,16
"ashleyporciuncula
",85,11,31
"naguib
",18,7,15
"gyuri
",3,3,3
"juanpablob
",21,8,15
"alexbrasetvik
",7,5,7
"mrtnzlml
",48,14,28
"xaviercobos
",4,3,4
"brecht
",5,3,5
"leifg
",13,6,11
"trevhud
",13,6,12
"nachex404
",13,5,12
"marc
",35,10,21
"demin
",6,4,4
"nicolejfu
",67,19,49
"luciazw
",9,7,8
"susangaigher
",5,5,5
"yago1
",6,2,6
"giacomodangelo
",18,10,11
"jkevincrowley
",4,3,4
"primateer
",4,3,4
"jblemee
",17,6,10
"raquelplazam
",6,6,6
"jruz
",16,8,11
"rysmit
",2,2,2
"swaploftaustin
",13,12,12
"aaronbailey
",3,2,2
"alexiscreuzot
",22,13,17
"fredfortier
",6,3,6
"ashleystonedrum
",2,2,2
"dunctk
",2,2,2
"jakewegesin
",13,10,12
"html5cat
",13,8,11
"jdirkstuart
",15,10,10
"trwiley
",2,2,2
"philsalesses
",65,24,38
"adrienbetweets
",4,3,4
"captaing
",12,6,10
"ryzalyusoff
",2,2,2
"lexrodba
",161,25,80
"zeljkocelikovic
",3,2,3
"clareharrison30
",13,9,11
"christoph
",4,2,4
"globe_trottah
",28,9,17
"miguelprieto
",7,5,6
"manabu
",4,3,4
"rossleedham
",2,2,2
"mihaela
",13,10,10
"zaheerbaloch
",8,6,6
"pfitznerrene
",3,3,3
"cbuchler
",2,2,2
"purplespatula
",12,9,12
"srendi
",5,2,3
"harishchouhan
",14,6,9
"bovanalst
",2,2,2
"thedanielbrooks
",2,2,2
"jebeor
",3,3,3
"sebastienbarbier
",56,12,33
"neilsteel
",28,18,22
"mcseain
",11,8,9
"scul81
",61,13,45
"alexandra0320
",3,2,2
"amrith
",6,3,4
"alanhalley
",2,2,2
"juneaye
",9,8,9
"danicatalina
",8,2,8
"jasonbryant
",18,8,14
"pianojukebox
",29,18,25
"kaushal
",114,19,47
"carolinesyrup
",56,14,27
"orlandogoncalves
",4,4,4
"jeremygotteland
",7,5,6
"willwong
",14,2,10
"thiagoricieri
",95,22,56
"yl_ksa
",90,18,35
"elisha
",4,3,4
"snu6ew
",15,7,14
"patrick
",24,14,16
"ebmercer
",9,8,9
"thephilnord
",2,2,2
"mrfairweather
",49,18,23
"nicolastupecabet
",3,2,3
"justeos
",87,22,58
"photostraveller
",255,34,167
"hyeon_ss
",21,5,13
"brucem80
",50,13,16
"ericste_in
",15,9,13
"kaspernymand
",24,8,19
"sten
",4,4,4
"darren
",8,3,5
"jameswander
",6,5,6
"andremccarv
",3,3,3
"chmarti4
",53,19,51
"joncottonuk
",4,4,4
"evachuishere
",59,19,41
"joshontheweb
",8,5,7
"karlbecker_com
",7,6,6
"lucasfoster
",29,13,26
"grantcharge
",3,3,3
"jzs
",14,6,9
"isservan
",21,10,17
"eammilsom
",2,2,2
"mike1
",4,2,4
"tuxcanfly
",5,3,4
"cbovis
",2,2,2
"thomfriedr
",3,3,3
"gert_schreuder
",28,9,15
"jasonhatesjazz
",7,5,6
"rossnoble
",16,4,10
"clubturps
",7,5,6
"heidar
",11,5,6
"leisoes
",5,2,4
"loniklara
",4,4,4
"colinw
",101,35,65
"jolly
",4,2,4
"josh_usa
",12,10,12
"henningtegen
",3,2,2
"grenade
",6,5,5
"jpmitchell293
",3,3,3
"bel_eastofnow
",10,5,9
"johndbritton
",2,2,2
"benn0r
",4,3,3
"tmaximini
",31,10,27
"adamnowek
",671,30,200
"adomasb
",5,4,5
"shanemcdermed
",25,15,22
"jacopocascioli
",14,5,10
"diofeher
",10,2,9
"maxime
",18,7,17
"madebysan
",31,12,22
"riyadhalnur
",8,6,7
"tadeusz
",31,8,21
"marchurley
",41,14,18
"steph2l
",14,10,11
"braddwyer
",66,15,58
"mrraylo
",23,2,15
"jason147
",3,3,3
"keenahn
",14,8,11
"juliateresalundin
",7,4,7
"dot_com
",15,7,11
"daelen
",6,2,5
"stvbutlr
",3,3,3
"aakashdhuna
",6,4,6
"ieatsalot
",8,4,6
"pocketfilmsfortravele
",145,39,82
"far0s
",31,6,14
"camrabier
",35,7,20
"enavarro3
",13,5,10
"johnparronhinson
",7,4,7
"wattson12
",7,6,7
"spextr
",25,11,14
"matteo82
",3,3,3
"stefanfeser
",42,9,22
"mrmoje
",6,3,4
"kaizenpreneur
",2,2,2
"paulrose
",34,10,24
"macwrites
",42,30,38
"syneryder
",42,8,17
"isaac98
",25,13,23
"rickhanlonii
",3,2,2
"pieter
",11,4,8
"sanna
",3,2,3
"stacey
",40,22,36
"ngg971
",5,5,5
"allilevine
",12,6,12
"aaz
",17,7,11
"ellegaard
",4,2,2
"alexandrearanha
",13,8,12
"matejchrenko
",4,2,3
"mcdonaldben
",3,3,3
"klassicd
",3,3,3
"kuka6ix
",10,5,7
"joelrunyon
",190,44,88
"carlaiau
",14,8,10
"magoz
",74,23,59
"kalpendu
",7,6,7
"albertaboy
",2,2,2
"carosimon
",99,19,70
"m_levs
",31,11,29
"tehgreggles
",2,2,2
"nathanaelkhodl
",66,27,38
"fabsays
",3,2,3
"heatsmama
",21,2,21
"dream
",25,5,19
"simonschmalfeld
",8,5,8
"flygeneticist
",30,13,22
"carlescampos
",8,3,8
"holly
",10,2,10
"nanahj
",2,2,2
"flaki
",2,2,2
"rafaelmagu
",37,8,17
"bfirsh
",11,6,9
"loukman
",6,5,5
"hugo
",3,3,3
"sapio
",16,9,13
"tiff
",3,3,3
"namtrok
",10,2,10
"scuba_nicki
",4,3,4
"checkthemethod
",12,7,11
"netbe
",15,8,13
"tony_ventura
",50,15,36
"adrianleb
",4,3,3
"goodfellow
",13,5,8
"sharvit
",11,4,9
"mistalaba
",17,7,14
"ioana
",2,2,2
"gnefkow
",13,8,13
"ankitgoel
",9,3,7
"bastienpetit
",24,16,22
"dirtandrust
",13,9,12
"arianna
",2,2,2
"lukasfingerle
",8,4,6
"haileym
",26,17,22
"charlesworthjc
",4,4,4
"janna
",27,16,24
"floridastnole
",8,4,8
"marianojmiguel
",20,11,16
"tuckertriggs
",20,14,18
"9102180
",3,2,3
"james_elkins1
",5,4,5
"sammyschuckert
",21,4,15
"marine
",6,4,5
"krisdeleon
",5,3,4
"tonycarreon
",4,2,3
"margo
",9,8,9
"krapperport
",13,9,12
"maxim
",15,14,15
"magicwan
",8,4,8
"m_twitter
",26,10,17
"stackptr
",3,2,3
"travelingpm
",113,26,51
"tugi
",15,8,15
"jawneeboy
",4,3,4
"dschnurr
",12,3,12
"mrgusev
",13,6,11
"yuvalbarhai
",14,10,12
"espenmalling
",13,10,13
"weberec7
",4,3,4
"trevorgerhardt
",154,41,118
"rallen_austin
",4,3,4
"allnacho
",2,2,2
"e_monty
",63,11,38
"ianhunter
",7,6,7
"sipulovaeva
",10,5,9
"wfxyz
",88,14,32
"rubenwolff
",26,13,24
"kickthegrind
",2,2,2
"webengel
",11,5,8
"lucialucha
",10,4,10
"patrickheneise
",39,17,31
"katdville
",17,10,16
"markbrooks
",93,12,28
"kiasaki
",6,4,6
"arnebrasseur
",3,3,3
"jwadeone
",10,4,6
"7farah7
",9,7,8
"fastmode
",5,3,4
"davidorban
",11,8,10
"isabellabrookes
",35,14,23
"krzysiekrodak
",18,13,14
"rodrigocsanz
",4,3,4
"violet_summersby
",11,2,7
"wildcard604
",20,11,18
"andrewkennedy
",2,2,2
"eddgysousa
",8,7,8
"justinmurphy
",10,4,10
"tripscout
",3,2,3
"webdew
",5,3,5
"whitfordpaul
",4,3,3
"oskarth
",52,18,26
"richpoirier
",12,4,9
"svichot
",17,6,13
"donlandonkim
",4,4,4
"glennangelo
",117,32,80
"dekim24
",18,8,12
"jsoklevski
",3,2,3
"mlakhia
",4,3,4
"adrianavecc
",58,15,29
"mail051
",8,3,8
"chrissy_lew
",3,2,2
"executivejoy
",3,3,3
"rxs
",19,10,11
"serialblogamist
",8,7,8
"askeertmann
",73,18,58
"austindean
",2,2,2
"marikohm
",3,3,3
"bryanaka
",64,23,44
"penderworth
",23,13,21
"theunixbeard
",25,15,18
"elhornair
",21,12,16
"torehan
",21,10,15
"stevenmdean
",11,4,10
"florianbuerger
",38,15,32
"heleneschmit
",5,3,4
"maxarrowhead
",7,5,7
"seruda
",5,3,5
"antomp
",11,5,6
"shotsuda
",5,3,5
"lingalooo
",20,13,15
"jprajani
",13,4,10
"godfoca
",53,16,30
"dhruveonmars
",6,4,5
"woahitsraj
",13,7,9
"damiendutoit
",40,5,30
"philipithomas
",58,13,30
"billyb
",4,3,4
"seanparkross
",7,4,6
"matousvins
",9,7,9
"wildmolasses
",3,3,3
"shaneboug
",7,3,6
"nunoarruda
",20,16,19
"chicoxyzzy
",105,20,33
"bernardette
",17,8,14
"upaggetta
",14,6,11
"buquicchiom
",28,14,26
"swynt
",84,31,59
"sarahpeterson
",9,6,8
"yamilurbina
",16,9,13
"gravitywithout
",2,2,2
"petracca
",113,25,53
"kolyo
",4,4,4
"azijira_
",3,2,2
"thatuxdude
",2,2,2
"tylertringas
",11,8,10
"malban127
",4,4,4
"tmcgee
",6,4,6
"mnlfrgr
",54,18,47
"theswiss
",2,2,2
"marina_srksn
",5,5,5
"raoul
",228,26,214
"camille
",27,7,18
"larshelg
",2,2,2
"tomek901
",37,16,24
"uibiquity
",8,8,8
"ryanthegiantlion
",6,3,5
"dessert
",37,4,17
"samueldelesque
",17,8,12
"jangafx
",18,3,9
"mevtho
",13,4,8
"jeanmoncrieff
",8,8,8
"alexking90
",2,2,2
"danbelltweet
",4,4,4
"darcythomas
",3,3,3
"alita
",98,19,71
"rfmoerdowo
",52,10,29
"puhfister
",10,2,3
"cylim
",20,6,12
"cristal_dyer
",5,2,3
"flyingscottie
",3,2,2
"cesartzian
",13,4,10
"bengoa
",29,21,24
"stevenyilin
",57,12,31
"darep
",40,17,30
"silvestreramosmita
",26,9,15
"simplycrazyp
",2,2,2
"patrickbolle
",3,3,3
"eskimojamz
",35,9,22
"alan
",154,23,61
"fffabs
",6,4,6
"momciloo
",99,12,39
"chrispreynolds
",4,4,4
"oliviasuguri
",5,3,4
"micksalas
",34,18,31
"bjornftw
",45,9,15
"me1559
",9,4,7
"mikejcarton
",15,8,14
"mattalxndr
",15,8,12
"colesoutter
",3,3,3
"iamlasse
",2,2,2
"medelon
",17,9,16
"stormfarrell
",35,9,22
"developer
",41,16,28
"evaneustace
",18,13,16
"ailaastrs
",40,5,13
"taphin
",2,2,2
"reinis
",4,4,4
"alexeymk
",6,6,6
"angie
",5,3,4
"mikeislearning
",6,3,5
"stephen972
",69,20,48
"avinasha
",9,4,8
"mattlewis92
",33,21,29
"macorlett
",2,2,2
"menonweb
",11,7,8
"martaclases157
",3,2,3
"raquelmadhur
",5,2,4
"sdnorton
",23,18,20
"kubajz
",10,2,2
"cyrilgupta
",4,2,3
"codepreneur
",6,4,5
"thegreatsabri
",3,3,3
"michaelgtech
",3,2,3
"tomphillltd
",11,5,8
"travelingtoad
",62,12,28
"katarinav3
",82,15,44
"farahiaram
",3,3,3
"nomadlist399
",9,7,8
"harrisroberts
",70,30,50
"caseyr
",3,3,3
"nappels
",17,11,17
"manavo
",9,5,6
"neosilky
",5,4,4
"camposped
",22,7,12
"dennissiller
",6,2,4
"vaida
",27,15,25
"tjwilliams
",2,2,2
"ujutka
",14,7,11
"richardvenneman
",3,3,3
"susanne
",4,2,3
"mironovartyom
",4,3,4
"wernerhoffmann
",4,4,4
"traveldeveloper
",12,8,12
"horacio
",72,21,47
"ivanderbyl
",51,13,24
"chodge88
",7,3,7
"zhurbinchik
",51,11,25
"petersuhm
",4,4,4
"swader
",6,6,6
"keybrownhill
",6,4,6
"_yuks
",17,8,16
"mirjamderuiter
",6,6,6
"mreynolds33
",14,7,12
"nachopescado
",8,4,7
"jdonati
",7,5,6
"samuelberthe
",22,6,15
"dipakvadera
",14,7,9
"halfdan
",4,3,3
"basbakker
",4,3,4
"barbaralicious
",29,16,21
"simplgy
",2,2,2
"seanehalpin
",2,2,2
"tristintravels
",22,10,17
"buizachristina
",16,6,15
"daanpruijssers
",5,3,3
"djinnman
",5,5,5
"gigigriffis
",5,4,5
"laurenacarey
",17,9,15
"lesly
",4,3,4
"zcky
",17,10,17
"imnotjesus
",5,4,5
"frankieratford
",7,3,3
"alexkim
",3,3,3
"crispystrom
",9,5,9
"janneke
",42,20,32
"mgstapleton
",15,7,9
"marie
",6,5,6
"rubyet85
",3,3,3
"dral
",4,4,4
"eyobest
",10,7,10
"micksolo
",4,3,4
"coco
",5,3,5
"zakgottlieb
",20,9,15
"tfiejdasz
",2,2,2
"tomaswoksepp
",12,6,10
"alex_vt
",9,5,8
"vexalist
",2,2,2
"rayfranco
",4,3,4
"adieuadieu
",5,4,5
"jasonkd
",11,7,11
"piyakear
",15,8,13
"joelgascoigne
",9,5,5
"jodebane
",9,4,9
"ryanclogg
",20,7,18
"dawbs
",3,3,3
"enaros
",3,2,3
"hilary
",5,3,5
"johnnyfdk
",4,3,3
"fernandonfeitosa
",14,8,9
"jeffmadduxcpa
",76,7,49
"jonnylroberts
",6,2,2
"jbweimar
",4,4,4
"amanda_nz
",21,10,19
"sohantanna
",2,2,2
"jonathangall
",7,7,7
"angela
",60,12,48
"diminko
",3,2,2
"heimarlou
",126,17,53
"mrdanielschwarz
",11,9,9
"bryceholcomb1
",6,2,5
"antoniopratas
",7,5,5
"vlafiser
",22,10,17
"hannakruusi
",3,3,3
"dannypostma
",14,3,11
"lilyxl8
",41,34,37
"tillcarlos
",2,2,2
"silvanazavala
",8,6,8
"han108
",6,4,5
"psylvain324
",8,6,7
"tomaslau
",89,33,61
"aphataeros
",30,9,16
"yogodoshi
",3,3,3
"brett
",61,16,54
"petedoyle
",6,3,5
"hello917
",25,9,15
"evan_t
",17,7,11
"reustle
",133,32,77
"whosbacon
",16,10,12
"stefankp
",2,2,2
"mikezliu
",3,3,3
"rafaelfe
",9,5,8
"kangasjuha
",12,12,12
"heyellieday
",19,5,12
"denizpolatde
",3,3,3
"indienomad
",3,3,3
"joaocunha
",2,2,2
"evamamartin
",16,10,15
"michaelfreer5
",5,5,5
"rpish
",14,6,7
"ani_goes_tweet
",10,5,8
"philiphomnack
",5,3,5
"rosslerenard
",20,6,12
"darceybeau
",30,12,17
"haxpor
",15,5,12
"troggy
",24,7,12
"mentisdominus
",41,12,29
"radesmond
",3,2,3
"kristyna
",3,2,2
"yimmj
",2,2,2
"clusk
",12,2,10
"johnclema
",2,2,2
"brianclark55
",6,5,6
"risico
",2,2,2
"crcn
",2,2,2
"serranoarevalo
",13,11,11
"aj_bombach
",6,4,6
"haskellandchill
",10,6,8
"vagari
",3,2,3
"andrecastelo
",6,5,6
"branko
",4,4,4
"ivascucristian
",11,5,9
"kwoka
",6,4,5
"dunjalazic
",3,3,3
"kutniy
",10,9,10
"adamolear
",63,28,54
"aronbury
",5,5,5
"zk
",4,3,4
"jacobeus
",4,3,3
"leghoff
",7,7,7
"dtoseland
",2,2,2
"hydroseal
",5,5,5
"katehuentelman
",17,7,10
"kbagoy
",4,4,4
"develdad
",18,9,16
"alexnomad
",3,3,3
"xdrewx
",10,7,10
"mikerogers0
",51,17,36
"info2gosolution
",4,4,4
"d_btlr
",43,13,25
"gigih
",10,4,6
"jacklorusso
",3,3,3
"kerouacsyndrome
",3,3,3
"martinb3
",91,35,65
"jongjin
",6,5,5
"guar47
",8,2,3
"oesah
",5,4,4
"traveladdict19
",12,5,10
"abarcellonicorte
",3,3,3
"romanfirnkranz
",2,2,2
"illyism
",45,15,29
"shanev
",3,2,3
"siddharthkshetrapal
",29,9,17
"ashmchang
",7,5,7
"jrdnbshp
",2,2,2
"oo_shero
",5,3,5
"phlppk
",2,2,2
"kasia55
",2,2,2
"nerdtravels
",8,5,7
"leukissanders
",6,2,6
"bellaweo
",5,3,4
"nethunter
",66,22,32
"buzkall
",30,12,18
"stefanlesser
",2,2,2
"sturob
",2,2,2
"fubchris
",23,6,20
"misscherylb
",38,19,31
"hgreenwood
",6,4,6
"jicobaligod
",25,11,22
"dannyroa_twitter
",7,6,6
"jongold
",8,6,7
"kethle
",25,15,20
"riterrani
",33,11,27
"hattorious
",59,15,42
"steve_verm
",14,8,10
"ryanchatterton
",44,15,25
"shastified
",30,12,21
"brittanyhill023
",9,8,9
"sofiameli
",45,20,29
"marko
",8,8,8
"hsmoi
",30,7,13
"piscolomo
",70,33,60
"seriousmofo
",3,2,2
"dohertyjf
",29,7,20
"mwotton
",4,4,4
"yeahoffline
",5,3,3
"kytwb
",34,8,18
"brrrger
",12,5,8
"coracle
",16,12,12
"kaurkirikall
",10,5,6
"julienma
",61,18,54
"kko
",30,8,14
"juliakostreva
",7,3,7
"kristian
",37,6,21
"lukegeno315
",2,2,2
"petermitchelln
",9,5,6
"gregmanko
",29,8,12
"dianabaz
",28,12,21
"giorgenes
",3,3,3
"matejsimek
",7,5,7
"cjackson27
",46,19,37
"email
",5,4,5
"alextondello
",15,3,8
"paul_austin13
",8,5,7
"juliet
",8,2,8
"mail
",5,3,5
"artistdevida
",2,2,2
"mrty
",14,9,11
"ambarjanuel
",43,4,23
"jankmeyer
",5,3,3
"ymeiosis
",7,6,6
"graham
",4,2,4
"alicroft
",15,9,15
"chrisschwarz
",2,2,2
"heathhlee
",44,23,34
"eatpraybike
",18,7,11
"nomadlist530
",7,3,5
"robboloveswords
",23,12,22
"me1001
",36,19,36
"nderkach
",10,6,8
"imonterodin
",3,2,3
"blured2000
",6,4,6
"pmilos99
",20,7,12
"diniska
",21,7,13
"zed
",23,4,12
"meganoosh
",10,6,6
"wolffan
",4,3,4
"connor_baer
",16,6,12
"lalyb36
",3,3,3
"hfauq
",54,15,33
"stephenkrohn
",5,3,4
"gradosevic
",14,6,14
"mogosselin
",6,4,5
"sam
",2,2,2
"benlenarts
",5,5,5
"swedejoel
",3,3,3
"julianx
",126,18,41
"facundo
",7,6,7
"gilesbutler
",6,5,6
"pparma
",5,5,5
"jessicaongko
",47,25,45
"nathanjmurphy
",10,10,10
"jmshome
",21,15,17
"mayel2b
",2,2,2
"anafl
",52,22,39
"kirill
",10,8,10
"witzelfitz
",34,6,12
"marsty5
",26,13,18
"mathieu
",22,11,20
"bramwillemse
",13,8,12
"tusabras
",4,3,3
"vskrsnie
",42,22,24
"nickawk
",8,4,7
"dayozilon
",15,8,10
"osipoka88
",2,2,2
"alpha_nexus
",30,4,25
"tanichambers
",3,2,2
"travel_kane
",100,46,69
"yangwao
",14,7,12
"dv346
",4,4,4
"lonnylot
",16,8,13
"tx
",3,3,3
"damirkotoric
",4,4,4
"tronaxp
",4,3,4
"robnealan
",18,9,17
"kimberleycook
",7,6,7
"jeremygeros
",5,5,5
"kahunarich
",13,10,12
"lev
",6,3,4
"tibzback
",29,15,20
"gridinoc
",5,4,4
"keewonma
",3,3,3
"thelifeofjord
",98,30,63
"karen
",3,3,3
"therealnaum
",8,5,7
"mjmmayernick
",6,3,4
"tfe_travel
",59,16,49
"woder88
",3,3,3
"doorenio
",11,4,7
"annikaclarke
",3,2,3
"alexmngn
",22,11,21
"micheltriana
",34,9,23
"shadi
",20,13,16
"gregoirejohnb
",9,6,9
"sparkhunteruk
",8,4,7
"sergeen
",3,2,2
"whiteboardgirl
",3,3,3
"jennzajac
",11,7,8
"davidholt112
",2,2,2
"isulzi
",13,6,6
"stevechadaway
",6,5,6
"apthnz
",15,6,13
"monsieurmoia
",4,4,4
"nikkokzn
",5,2,4
"matyiii_
",2,2,2
"y
",7,2,5
"pbaumann
",8,4,6
"tinetoon
",3,3,3
"sachitgupta
",9,4,9
"youryoungko
",8,5,7
"effy_young
",5,4,5
"brittneym
",4,3,4
"letitbevi
",5,4,4
"jaunis
",4,3,4
"pzatrick
",3,3,3
"daisymceachen
",4,2,4
"ajmcgrath
",4,4,4
"karynstacy
",14,7,11
"loopback
",3,3,3
"aewickham
",17,7,11
"iamjamesrodgers
",68,23,43
"podviaznikov
",2,2,2
"xnutsive
",19,8,11
"andrea
",17,11,17
"yrezgui
",62,12,23
"supirman
",3,3,3
"shaked
",5,4,5
"spiceninja
",2,2,2
"olhuz
",27,15,25
"kapimac
",5,2,4
"iramalama
",50,24,47
"wooster
",22,11,14
"lukaspulda
",8,5,7
"ricardomorgado
",65,18,42
"marimalari
",19,7,10
"christianoliveira
",117,21,75
"goshakkk
",8,5,8
"dgwolff
",60,17,29
"vince_mac
",3,3,3
"joshuaballard
",20,6,14
"tamerkoseli
",25,12,16
"vconde
",6,3,4
"alexheartjs
",9,4,7
"lisarobynkeown
",5,2,5
"physiosonline
",4,2,3
"deepen
",2,2,2
"vinzius
",10,8,8
"nateyu
",32,10,27
"norbertdragan
",23,13,17
"zot24
",5,4,5
"individual8
",19,5,9
"andrewcross7
",2,2,2
"brianavecchione
",44,8,29
"soyjavi
",17,9,11
"manuel_rojas_konkol
",22,13,17
"nicknovitski
",8,3,6
"bilalbudhani
",10,3,9
"thomas250
",30,26,28
"zachetcetc
",36,17,23
"michal317
",2,2,2
"kaefergeneral
",10,7,9
"arlefreak
",18,8,17
"abstaa
",3,2,3
"mariasokolova
",105,41,65
"sandervd
",6,6,6
"patelkrystal
",48,22,35
"k_cieslak
",66,9,18
"lucyfchen
",12,10,12
"bianca_joswiak
",2,2,2
"tombuildsstuff
",42,11,23
"scottashmead
",4,3,4
"llun
",24,8,11
"gunar
",11,8,10
"saskia
",10,8,10
"jo
",11,9,9
"acormail
",8,3,7
"joncrawford
",20,8,13
"fearless_shweta
",3,3,3
"devar
",6,3,4
"agrberg
",18,10,18
"naeemtee
",9,4,9
"cbrwizard
",43,11,17
"craigcarlyle
",63,9,31
"keithbaumwald
",4,3,4
"quinnzeda
",3,2,3
"keeg
",36,15,29
"nillotrejos
",19,12,15
"flaper87
",140,35,83
"howdy
",21,6,14
"melanieaxelrod
",3,3,3
"timruof
",3,2,3
"pitah604
",4,2,4
"abitharackal
",7,3,6
"shewandas
",7,2,2
"dvcolgan
",6,3,5
"ryanipete
",8,8,8
"gregl
",7,4,7
"danielmeade
",15,11,13
"vesper8
",8,5,8
"arivocals
",2,2,2
"hennessy808
",16,12,16
"cookiewhirls
",12,8,11
"jessicaguzik
",14,7,9
"arpowers
",2,2,2
"bartligthart
",4,3,4
"yordidk
",4,4,4
"yeltsinseal
",4,3,4
"anneliemny
",123,6,19
"luongj
",36,10,24
"diannamallen
",10,6,9
"rorymcdougall
",6,4,5
"gypsytravelsoul
",2,2,2
"hjunkim
",3,3,3
"schjonhaug
",4,4,4
"dutyfree
",2,2,2
"gonzaloinnocenti
",10,5,6
"clementromeas
",25,5,14
"poppyjikko
",3,3,3
"maratryndin
",6,2,5
"haoxilu
",14,3,11
"mrykov
",3,3,3
"susannedevlin
",17,12,16
"mattia
",21,7,12
"kitty_katekate
",6,3,6
"mrjjwilson
",6,4,6
"paulantwilliams
",27,9,15
"mrsergejl
",15,9,13
"boborchard
",12,2,7
"jon_snow_pt
",16,6,8
"sergiosa_la
",40,13,26
"hannibalalpes
",16,8,16
"herdis3h
",4,4,4
"maebert
",52,18,27
"alemacgo
",12,7,11
"oahourai
",22,10,14
"jcwesterbeek
",16,10,13
"levelsio
",242,30,104
"modkaffes
",21,4,7
"anthonycastrio
",6,4,5
"brody
",9,3,7
"matthias
",2,2,2
"jeremy
",38,6,11
"jeremyburge
",36,13,30
"mattmonihan
",4,2,3
"verekia
",96,18,51
"the_idyll_exile
",55,23,48
"tjwaldorf
",6,6,6
"augustevrymonth
",3,2,3
"krishamoud
",15,8,14
"derekmurphy
",36,16,18
"baldtel
",37,8,31
"eli_archgirl
",92,8,44
"c_c
",14,4,13
"colleen
",6,6,6
"zuzapogopl
",2,2,2
"requilence
",20,13,19
"pete
",2,2,2
"traceymartinovich
",26,18,25
"patrick_nilsen
",7,3,5
"maiahariton
",22,18,21
"s_kolk
",4,2,3
"timhc22
",39,17,29
"charlesedward
",12,6,10
"hpoul
",8,5,8
"jadi4nd
",6,4,6
"sylow
",7,4,4
"jamalx31
",19,11,15
"kodecreative
",11,3,8
"terminalpixel
",11,7,10
"mail300
",9,5,6
"cathyx
",2,2,2
"williampotash
",11,7,10
"tomstarr
",2,2,2
"rafa
",4,4,4
"ezequielmass
",5,3,3
"kevinianallen
",20,8,13
"bruno706
",9,5,7
"b1nary
",19,7,17
"amarshall664
",8,5,6
"mattmetrovich
",14,3,6
"mrjeremyblaze
",39,7,20
"andrew806
",6,5,6
"cargix1
",5,3,5
"nefer_l
",19,5,14
"helloannliu
",9,6,7
"niklaslavrell
",12,4,4
"holamendi
",4,4,4
"giancazucca
",15,8,14
"mallorymcgowan
",20,6,17
"reboramuriel
",17,12,12
"saniyusuf
",69,21,39
"flowdee
",13,5,10
"micha
",41,6,21
"william
",8,5,7
"orenkurve
",3,2,3
"shiori_nakajima
",13,6,8
"madeddie
",8,4,4
"samfeder
",12,2,9
"glendc
",28,10,20
"robi_mitra
",2,2,2
"tanjas
",4,4,4
"jacobjay
",53,9,19
"islandjackie
",4,3,4
"samshull
",15,13,15
"epiphron
",4,3,4
"grahamleachpm
",6,4,4
"arissston
",10,4,9
"luke5
",11,8,11
"alexis_ouellet
",36,25,34
"mikemartin604
",6,2,3
"mobilisinmobili
",17,4,8
"cessperience
",34,14,18
"dinomarkio
",25,15,19
"yoobato
",3,2,3
"zosiaswidlicka
",5,4,4
"juliendevoir
",9,6,8
"lopify
",9,3,5
"butkeviciusv
",5,4,4
"lilobase
",98,9,36
"jirka
",3,3,3
"mikerubini
",24,10,14
"angelicism
",35,12,23
"albertjllo
",39,15,29
"brnvolga
",12,10,10
"adamsimms
",16,8,14
"c4augustus
",23,10,23
"stephanie_dxb
",13,5,9
"mhclapperton
",3,3,3
"mona_solberg
",25,17,25
"greenwell
",4,3,4
"cristymx
",27,17,23
"dansafunnyman
",6,3,6
"gonzalezangeld
",17,2,15
"cmendes0101
",55,19,44
"danleslie
",3,3,3
"taticonqueso
",25,6,20
"ambroisedebret
",43,11,37
"danny
",59,14,31
"haiko
",6,6,6
"andrewso
",8,3,8
"allbombs
",74,15,40
"alex765
",5,3,4
"kevnull
",15,6,13
"kymellis
",66,23,39
"coliving
",9,7,7
"josh_koch
",4,3,4
"skatkov
",9,6,9
"jasonc
",9,4,5
"yuszuv
",3,2,3
"tvrhe
",6,5,5
"louhew
",5,4,5
"langrisha
",8,7,8
"kevinflo
",5,4,5
"go_ginger_go
",2,2,2
"jgargallo
",3,2,3
"foxy96
",2,2,2
"afvso
",14,12,14
"stevenzhang
",10,4,7
"bartlecki
",2,2,2
"adrianocelentano
",4,3,3
"davidlorincz
",9,3,6
"beeman
",42,15,22
"newyam
",38,19,33
"karim
",4,3,4
"jyarnallschane
",39,10,33
"harringjohn
",55,16,37
"napadeu
",21,10,17
"camemco
",14,6,12
"tgurvicius
",106,48,81
"chelocoach
",9,3,8
"rickydazla
",4,4,4
"conschneider
",2,2,2
"vladepap
",13,7,11
"snowgraphs
",37,21,33
"maxime9009
",8,5,6
"jescalan
",4,4,4
"martynd
",6,3,4
"valerievandenheuvel
",2,2,2
"doctordan
",25,12,20
"nickjnish
",14,4,9
"gtmcknight
",103,23,65
"pimdaelen
",27,16,18
"coralieherbert
",5,4,4
"petrnovak
",5,2,5
"whatshawsysays
",24,10,15
"joujiahe
",9,3,9
"danielzehe
",14,7,11
"diba
",3,3,3
"bacbos
",6,4,5
"ndrozd
",11,9,9
"mehdi7madrid
",3,3,3
"zlschuessler
",4,3,3
"atxile
",7,4,6
"erikfrisk
",6,5,6
"ninoskopac
",31,11,17
"briac
",6,4,6
"andreadardon
",4,4,4
"ericayala
",2,2,2
"k08as
",48,21,31
"jtcchan
",9,4,6
"rosannekruithof
",11,5,7
"largo
",5,2,3
"mossaliciab
",2,2,2
"drftandwndr
",40,19,29
"livinextreme
",54,13,31
"mariakinoshita
",20,11,16
"simonc
",16,5,10
"rcarrillo
",3,3,3
"harryguinness
",26,9,15
"portobellowild
",3,2,2
"mhsmith
",4,4,4
"simoelalj
",3,2,3
"jeromeargot
",7,6,6
"kobekoto
",39,13,19
"matthall
",18,6,13
"sailorcheon
",7,4,7
"iamfledge
",182,14,51
"luciddan
",26,16,21
"quintinjadam
",42,10,23
"nomadpauline
",71,21,40
"rebecca
",25,12,16
"divyenduz
",6,2,5
"billey_b
",37,14,25
"rishabhagg2
",8,4,7
"iteatshere
",11,5,8
"pezmc
",14,2,13
"muaddib
",8,8,8
"dpashley
",15,8,11
"hiwillfang
",8,4,8
"samanthakmeis
",3,3,3
"kittiborissza
",4,4,4
"elirang
",23,10,19
"camerondare
",21,6,16
"petiepizarro
",25,3,14
"eduardocruz
",32,4,12
"jnpkr
",22,6,8
"10kjuan
",77,15,29
"turchaninovulian
",16,6,6
"shanghaistrand
",8,6,8
"andrewlt
",11,6,10
"basfluijt
",14,11,14
"jasongalvin
",29,9,21
"nomadc_anna
",6,2,4
"dustinoverbeck
",3,2,2
"thomasascioglu
",4,4,4
"liv
",51,14,26
"dnmchoi
",3,2,3
"sybrenvkesteren
",4,3,4
"yusuf
",4,3,4
"jonbarrett1
",15,4,7
"gnzlt
",5,3,3
"scottroy01
",20,8,17
"andrewtransini
",9,4,9
"stephanegosselin
",46,22,33
"jonnaro
",44,9,20
"enilsen016
",63,21,36
"markentreibstoff
",8,5,7
"thomasaull
",2,2,2
"annalena
",6,6,6
"katekendall
",16,9,12
"sweaver
",4,4,4
"jerigoround
",2,2,2
"wakkos
",13,4,10
"ashukumar27
",8,5,7
"whatthezach
",3,2,2
"thecocoanomad
",57,31,45
"nekofar
",7,4,6
"smokeydokes
",4,3,4
"yujin
",49,13,31
"jthomasburgess
",24,9,21
"androbwebb
",22,8,17
"becfaye
",7,3,6
"vgdub
",5,3,3
"hazelyuyang
",5,4,4
"hmanji
",3,3,3
"louroboros
",12,4,9
"primoz
",6,4,5
"thejieg
",5,5,5
"zywy
",4,2,3
"taras
",7,5,6
"tracyrusso
",3,2,3
"johnnybd
",19,7,13
"agiletravel88
",5,3,4
"hbayati01
",7,5,5
"mikephilipp
",14,3,10
"paulgr3
",67,25,54
"kumi
",187,26,99
"georgebaltak
",51,22,44
"maikegrk
",5,5,5
"samhogg
",47,21,31
"sunnymel
",4,2,4
"gise11e
",25,12,18
"emeliefagel
",14,10,10
"deargumenter
",7,2,4
"rumpusparable
",13,5,11
"leon
",3,3,3
"imdigitalnomad
",8,5,7
"whosdustin
",43,16,30
"simonplend
",12,4,10
"artofbryce
",8,3,7
"evan205
",4,2,4
"erlend_sh
",5,5,5
"dotnet
",71,17,37
"martindonadieu
",15,15,15
"gnkarla
",3,3,3
"therese624
",23,12,15
"ric2z
",10,7,7
"indi
",43,17,29
"kks
",25,13,23
"yalozhkin
",3,2,3
"danielrelich
",7,6,6
"andreystepanov
",2,2,2
"gtroppee
",2,2,2
"joseclimaco
",16,8,14
"luwiton
",9,8,8
"elliotyeo
",16,7,13
"anhphan
",20,10,15
"evilbilly
",42,8,17
"dmfreedom
",13,5,6
"hmigneron
",3,3,3
"killthekitten
",4,3,4
"nerdynomads
",11,8,10
"farcosailas
",12,7,10
"uncompromise
",36,7,23
"angott
",3,3,3
"independentian
",26,8,25
"corc02119307
",9,8,9
"rsantosmello
",3,2,2
"paul184
",3,2,2
"kocsmy
",7,7,7
"balindsieber
",4,4,4
"krausefx
",74,20,31
"bastianernst
",3,3,3
"linzjub
",17,11,16
"mxstbr
",91,21,40
"alexd
",15,9,11
"acsaari
",18,2,13
"ivankreimer
",3,2,2
"citybythebea
",14,11,13
"fezvrasta
",20,9,10
"ricardomolina
",3,2,2
"julienhenzelin
",24,8,18
"beardzitski
",8,2,5
"brianwreaves
",5,3,3
"jannisnbetschki
",4,3,4
"rokeeffe
",12,4,7
"cybergorille
",14,5,10
"ronald
",35,10,20
"ubersmile
",20,7,11
"elcompilla
",3,2,3
"basedcoworking
",4,4,4
"clr
",12,8,12
"dantoml
",13,5,9
"wanderingdev
",44,19,38
"jamesmkenny
",8,3,4
"mefynn
",7,2,6
"itsmikechu
",42,7,14
"boogich
",3,2,3
"waylandchin
",10,6,9
"jeannabarrett
",112,20,60
"coleton
",2,2,2
"legomyeggo
",112,25,58
"yahli
",2,2,2
"dinaramay
",21,9,19
"attila
",2,2,2
"ptsui
",72,9,34
"stephenfjohnson
",23,3,14
"markosulamagi
",5,5,5
"dan_e_gray
",20,8,9
"liamdefty
",5,3,3
"brkljac
",8,6,6
"zrephel
",3,3,3
"tschoffelen
",4,3,3
"iam
",22,11,17
"romanmandryk
",5,3,4
"travelfrogmd
",8,4,8
"lswank
",14,4,7
"rebeccachulse
",7,6,7
"ptisunov
",47,19,37
"richlitt
",11,5,7
"pierrickgt
",30,7,25
"savannah_leona
",14,7,13
"timomolenhuis
",45,9,29
"gianlucaorlandi
",90,23,48
"kylefromohiocom
",12,3,12
"andyafk
",2,2,2
"ambrose
",15,5,13
"scottyallen
",43,16,28
"mauromassimiliano
",3,2,3
"andym
",3,3,3
"courtland
",3,3,3
"diegoluisr
",100,20,61
"koppelaar
",2,2,2
"seandisesa
",3,2,2
"dboudro
",7,5,7
"diarrhio
",14,7,14
"einancunlu
",8,5,7
"mwcol
",6,4,6
"blakebo
",5,4,4
"lucozade
",36,11,22
"raphael
",4,4,4
"tiojoca
",41,19,31
"jelmerdeboer
",95,28,42
"mahmoudilyan
",3,3,3
"caitlynsmith
",8,5,8
"samuherek
",3,3,3
"jendienst
",3,3,3
"markmmilly
",9,8,9
"zonorm
",3,2,3
"nomads_and_drifters
",3,2,3
"franzolka
",15,10,14
"ladyleet
",75,16,35
"spen_taylor
",7,4,6
"juanjoseruescas
",20,7,14
"antoineplu
",20,2,2
"cameronbrown
",13,4,12
"anitoker
",14,4,9
"magicvilleco
",5,3,5
"danielaf
",49,16,34
"matthud
",4,2,4
"dnslnsyjhnsn
",13,3,10
"threadalist
",5,4,5
"ezakto
",41,24,33
"rodico
",3,2,3
"piovella
",10,7,9
"voskovek
",44,21,32
"aileen
",20,9,15
"moraveklukas
",7,4,5
"hjbarraza
",4,3,3
"bastienbricout
",18,8,17
"lilidaniel
",2,2,2
"jchck
",7,3,7
"sodevious
",60,4,24
"justinbosco
",12,10,11
"mm
",22,10,19
"flowen
",99,23,62
"paolorovella
",2,2,2
"azizaosman
",16,10,14
"davidfrahm
",3,2,3
"paulgosnell
",33,12,20
"wvega
",26,5,15
"rgeorgia_
",9,9,9
"rjarram
",11,7,11
"seikemo
",2,2,2
"ricburton
",2,2,2
"allan
",129,15,58
"psedillo
",17,5,15
"natasha_v
",6,5,5
"mikenorth
",103,22,53
"rom
",5,3,4
"jfren
",6,5,6
"thisiskenta
",9,4,5
"joeyfenny
",26,8,16
"lj60cpt
",2,2,2
"gavin476
",3,3,3
"arcaballero
",20,9,14
"chilladx
",52,15,35
"sorinseo
",3,2,3
"florianfeibel
",2,2,2
"debg
",5,4,5
"localjo
",54,24,47
"chrisrdodd
",50,22,39
"malcolm
",2,2,2
"mxrcelus
",15,9,12
"brianguertin
",22,2,12
"yonatanbiri
",3,3,3
"mayahub_org
",4,3,4
"carl
",3,2,3
"robschad
",6,6,6
"adrienjs
",2,2,2
"mastinkipp
",2,2,2
"nomadbubble
",15,6,7
"kevintheair
",8,3,4
"jparkrr
",3,2,3
"arman
",17,7,16
"jaschaio
",28,13,22
"sandra
",8,4,6
"ndrewcowley
",9,5,8
"dani444el
",3,3,3
"spacewood
",4,3,4
"lancelot
",7,6,6
"ludde
",45,8,37
"druh_opryshok
",18,12,16
"jon00042
",18,9,15
"cw
",54,13,39
"jb
",13,9,11
"ddpelayo
",2,2,2
"kmander
",15,10,11
"djoneverett
",94,22,53
"shakespeare
",2,2,2
"bryanseversky
",5,4,5
"moose189
",66,25,56
"prossorguk
",2,2,2
"colibacillus
",17,10,15
"sean_c
",118,28,82
"matthannon
",11,7,11
"stephenbelanger
",4,3,4
"m322
",25,9,21
"felix013
",6,4,5
"maxicareercoach
",2,2,2
"jaythi
",13,6,11
"flormolla541
",2,2,2
"wwwouter
",3,3,3
"kaissi
",26,6,17
"gustav
",4,3,4
"thrivehivelive
",5,3,5
"alphonse86
",9,4,6
"belle_88
",11,4,8
"craig
",16,3,12
"parasight
",43,16,23
"liebergabor
",4,4,4
"federerchris
",2,2,2
"kam
",2,2,2
"jackolai
",4,3,3
"robertklubenspies
",2,2,2
"mezod
",2,2,2
"dmftaras
",17,10,15
"sushmit
",20,7,14
"npizzoferrato
",4,4,4
"gabo
",3,3,3
"gertburger
",6,5,6
"ellen
",7,3,3
"nico_lrx
",10,6,6
"erikbrits
",4,2,4
"rubaaaeeem
",2,2,2
"dragho
",8,6,8
"jwlee84
",2,2,2
"keegansard
",11,6,9
"shaun
",5,2,5
"jivins11
",14,14,14
"carly_io
",12,6,8
"ckomagan
",48,11,32
"khassett
",78,19,39
"zazk
",14,10,13
"kerwood
",21,12,14
"aren
",8,4,6
"jamesdaly90
",50,12,24
"twadlinger
",3,2,2
"parthbhakta
",7,7,7
"lukekimmel
",26,12,19
"sergioz
",13,4,12
"cfontana0
",7,3,7
"maila
",5,5,5
"spieglio
",172,23,76
"tkrunning
",335,47,139
"elxavicio
",4,3,4
"bobz_zg
",37,8,23
"julia
",6,4,5
"boutetnico
",147,45,102
"christyre
",15,10,13
"timoteo
",8,7,8
"martn_st
",31,14,24
"blombergvictor
",12,3,5
"marcelhagedoorn
",41,29,34
"axelut
",31,13,22
"tla
",84,16,31
"rynesweeney
",66,22,52
"dominikmayer
",20,6,16
"codyliu
",11,5,6
"cartogram
",40,10,29
"christensentr
",5,4,5
"nabilaamarsy
",2,2,2
"logankoester
",28,5,10
"di
",3,3,3
"seb_p
",3,3,3
"kyle
",6,4,4
"hyobii
",39,12,22
"ebconspicuous
",7,7,7
"louisfo
",3,2,3
"jeremikaczmarczyk
",16,4,13
"pixelcrash
",3,3,3
"nitaigao
",6,3,4
"alxmhe
",7,7,7
"namtng
",6,5,6
"msaintcr
",66,35,44
"gracjan_grala
",83,19,52
"waywardjay
",9,3,8
"paulbremer
",30,8,20
"mirjamdenneman
",2,2,2
"petrbambasek
",9,5,9
"matevaltr
",2,2,2
"vipulnsward
",7,4,5
"satelliteeyes
",143,25,85
"rrppspain
",17,10,14
"jeanetwolf
",10,6,9
"talon39
",5,3,5
"annamcphee3
",56,19,51
"timea_albert
",60,22,35
"dully
",5,4,5
"jade
",4,3,4
"domas
",15,9,13
"debbiec
",102,18,68
"dlc86
",6,5,6
"herzflimmern
",26,9,17
"malinda
",14,4,12
"kalitherapy
",15,4,7
"jaszczakw
",9,3,8
"goodforenergy
",14,4,11
"nevilhulspas
",3,3,3
"debris
",77,28,47
"wshatch
",8,5,8
"anniestrout
",20,13,16
"franvera
",25,13,17
"volodymyr_sadykov
",2,2,2
"nicolekelner
",10,4,10
"desirai
",41,14,25
"mtjdotcom
",5,4,5
"petr_suska
",21,7,10
"refuseillusion
",66,14,28
"msouthern
",8,7,7
"benko
",13,10,11
"joshua
",30,13,20
"snehainguva
",4,2,3
"petepollard
",26,12,17
"radiljancz
",5,4,4
"jennjenn
",129,21,50
"jpleboeuf
",10,3,3
"andrewculver
",36,10,21
"kamil_dziedzic
",2,2,2
"kimberleyanderson
",12,8,9
"gunnarolla
",5,4,5
"jamiefriggin
",3,2,3
"peter217
",19,5,14
"laudowicz
",27,6,15
"monkeyinsf
",7,7,7
"hrtx666
",12,4,9
"benrellick
",28,8,18
"mirkatekelova
",4,4,4
"ngfar
",4,4,4
"rolf10
",12,6,10
"marcusmeurer
",15,6,12
"nspehler
",20,9,12
"thekitze
",52,14,30
"dgdev
",66,21,54
"brucemarsh
",8,7,8
"punksta
",2,2,2
"bosco
",5,3,5
"woutervr
",34,20,32
"wwoessi
",3,3,3
"lewispeckover
",17,7,14
"sapeish
",5,2,5
"shervinater
",6,3,4
"joellepittman
",4,3,4
"cetitania
",22,19,20
"jumponweb
",7,4,7
"zen
",15,8,10
"fabrejulien
",6,3,4
"tomleeson71
",6,5,6
"twahlin
",101,34,67
"so
",9,6,7
"josephrule
",32,11,21
"vishalmadhvani
",8,3,7
"joost_barendregt
",38,14,18
"sunny_cloud
",29,9,20
"zegodoy
",10,6,9
"cryotodin
",11,8,9
"mightyalex
",2,2,2
"val
",61,13,35
"amit29
",2,2,2
"radmirm_
",6,2,4
"dnlhtz
",9,6,7
"hello769
",25,6,7
"theodoorpater
",4,4,4
"kchau
",2,2,2
"laopela
",17,9,14
"divyangbw
",5,5,5
"taavikalvi
",10,6,9
"austinknight
",120,24,52
"max232
",6,3,4
"bjhguerin
",3,3,3
"vindard
",13,4,7
"mathijs
",19,5,5
"jodroc
",6,3,6
"anderkd
",46,8,46
"krisztian
",4,3,3
"dylan_hey
",14,8,8
"bartonmiklos
",9,5,7
"joanna
",13,5,9
"kyebrewer2012
",22,6,12
"kcseton
",3,2,3
"qdoug
",14,9,11
"callumstyan
",39,9,15
"karel
",2,2,2
"stevelacey
",143,27,72
"chuckwoodraska
",7,3,4
"mrkoio
",92,25,42
"ematipico
",9,5,8
"ctotheameron
",180,20,86
"thetiwi
",4,3,3
"iain_bryson
",24,12,17
"canuckdan
",5,3,4
"mialiou
",2,2,2
"thomasghenry
",29,8,24
"vladstan
",2,2,2
"amy
",12,5,10
"chmanie
",5,3,5
"amitjainbsl
",3,3,3
"jonathancoxon
",5,2,2
"silaisik
",8,6,8
"nickyborry
",18,13,15
"vitormoreira
",3,3,3
"calum
",38,12,23
"jamescrowley
",5,4,4
"havesomegante
",2,2,2
"replay
",299,45,185
"hella_gela
",53,10,24
"bigbeka
",6,3,6
"jasoninbend
",4,2,3
"lufo
",6,3,6
"amurzaya
",19,10,17
"nehagupta
",18,7,11
"firsara
",4,3,3
"corinutz
",2,2,2
"wendy_who
",21,10,11
"tonmakaroff
",3,3,3
"nzieber
",11,8,10
"anywhereness
",24,4,18
"kellymsheridan
",28,13,21
"unicycle
",50,19,44
"codam
",10,6,8
"mrmading
",29,8,13
"fmazzoli89
",39,21,30
"joefromboston
",2,2,2
"cggaurav
",2,2,2
"theblakemoore
",13,6,10
"sampiercelolla
",6,5,6
"will2357
",11,6,10
"michellaneousw
",17,14,17
"solra
",24,5,13
"jeremykovac
",2,2,2
"eduardoborges
",66,29,56
"mmorris
",31,8,18
"norydev
",12,7,9
"cnd_illusions
",2,2,2
"iamsamhankins
",10,5,8
"cesarf
",59,15,29
"robertlachnitt
",5,5,5
"kundi
",8,7,8
"milann
",2,2,2
"adz
",11,4,11
"evolvinghumand
",15,5,12
"thomas
",62,19,36
"abhishek77in
",2,2,2
"altman
",3,3,3
"miikahannila
",2,2,2
"rasmuskroner
",49,17,28
"hello513
",7,4,4
"jruse
",7,5,6
"vcolinau
",8,4,8
"jscagos
",5,4,4
"richarme
",10,7,9
"mw
",5,4,5
"atu
",20,12,16
"jameshowitt
",6,4,5
"greyglass
",10,4,8
"billiamfrazier
",3,2,3
"davidnagy
",10,9,10
"xunadia
",22,9,13
"rabourn
",23,11,11
"msurocks99
",3,2,2
"fabrice_dubesset
",2,2,2
"nomadbound
",4,4,4
"kyleschutter
",13,8,13
"arizzy
",4,4,4
"rosina
",2,2,2
"alexishacks
",2,2,2
"hodaraadam
",2,2,2
"logan
",11,6,11
"hamedbehravan
",6,6,6
"brendannee
",2,2,2
"zsoltee
",4,2,4
"zhanna
",20,3,14
"andrefoeken
",9,4,5
"oneswrightmind
",184,15,100
"wimgz
",10,10,10
"jamesohsull
",7,5,7
"janvt
",29,7,13
"chrisgj
",49,10,34
"yliasm
",33,13,22
"morganberger
",7,5,6
"gphillips_nz
",2,2,2
"agusburgos
",5,2,5
"denys
",89,33,72
"jaistag
",8,6,8
"unfulvio
",28,8,16
"mattlellsworth
",21,13,18
"chelseaannefox
",35,8,20
"robertbirchall
",3,2,3
"svenbergryen
",24,15,18
"fredrivett
",27,14,22
"pri143u
",19,6,13
"gourlaoueneric
",40,12,28
"agammell
",5,5,5
"heatherashannon
",13,6,11
"marymuu
",23,12,21
"ellis_adam
",26,10,20
"agermanidis
",13,11,11
"spunkypixels
",35,9,17
"mikebandar
",11,6,10
"thetwopct
",49,12,27
"stefan
",29,2,16
"illunious
",9,4,7
"moltar
",5,4,5
"roms12
",4,3,4
"btong
",2,2,2
"amyyli
",152,26,70
"dinchamion
",9,5,7
"roseeppensteiner
",25,21,21
"psyclmao
",5,5,5
"johana
",66,20,32
"lucsucces
",5,5,5
"dangel
",2,2,2
"isander
",4,4,4
"mfonne
",28,11,19
"zpeirce
",44,16,32
"flexrs
",26,10,20
"tornado64
",3,3,3
"avizcarrondo
",23,12,14
"geo_care
",5,5,5
"klaaspieter
",11,10,10
"stijnbe
",2,2,2
"abbygmcclain
",11,7,10
"philiprenich
",2,2,2
"photojosh
",4,3,4
"jtompl
",18,6,15
"capoma1
",13,7,11
"asimon1267
",14,13,13
"sa_cha
",53,18,29
"avermat
",6,5,5
"masaharu_hayataki
",9,8,9
"zzap
",3,2,3
"frontendphil
",5,3,4
"josh_works
",53,8,40
"mdhandcock
",4,4,4
"jazic
",3,3,3
"whitterstew
",5,2,5
"nerdontour
",6,4,5
"jayzus
",58,21,46
"suhastech
",6,3,6
"soerenr
",31,9,14
"rimu
",18,6,11
"bogaert
",9,7,8
"louis
",4,3,4
"amber
",19,5,18
"katingalls
",10,6,8
"colleran
",28,6,13
"emil
",6,2,4
"ahawkins
",3,3,3
"amutz1976
",2,2,2
"theprivileges
",42,3,23
"kristinasimakova
",4,3,4
"revealed_dave
",44,9,13
"lozziefizzer
",3,3,3
"vaidas
",35,17,27
"maikumori
",16,10,14
"bitnoorikeum
",4,4,4
"arcomul
",5,4,4
"chodane
",16,4,8
"adrianlazarte
",18,6,11
"sammyp2582
",18,2,16
"jerbersoft
",24,5,17
"aaronpyon
",2,2,2
"mqt
",56,9,30
"jmocejo
",8,6,8
"szehueiyek
",5,5,5
"dominik
",3,2,3
"kushalraha
",2,2,2
"bradzickafoose
",105,31,81
